tsx_id,user_id,amount,tsx_date
0eeaee3e-b6a8-4288-806f-53b77f8ec6da,50,173.48,2025-10-06
7eade23a-338f-41aa-819a-abf948f09e94,4,376.25,2025-12-01
b33ee069-dbef-4642-9acc-2673bacd2012,12,77.3,2026-07-02
1eedfe00-f967-4891-9134-13d90e86fa26,92,137.21,2026-03-07
67dc0743-4644-42e6-a8d5-edd9df45ca26,98,71.52,2025-10-25
a179b6a6-65f2-492a-9d6b-63e026c71dcd,68,136.3,2025-11-12
273f8dc3-0129-4e5b-9610-2d77b045ee5a,83,398.95,2025-11-16
7357d129-8bea-46b4-85ce-0eb12733b97e,50,204.03,2026-01-16
91f62ed7-d028-41c7-a867-25a0342591d3,23,129.7,2026-07-03
06acfbb8-cac5-4b79-a186-9d647be2d3c3,22,490.52,2026-08-18
a1d26809-190b-498c-bc51-538edc21a35d,2,29.73,2026-03-27
fe2b98da-4be4-4bdc-8c09-865fcfc8bb06,37,287.42,2025-11-07
2e85e2c6-c3be-4854-b035-6af1233a69bf,62,257.4,2026-09-12
8c882507-7186-4b9c-b78e-e0795538421c,69,498.67,2026-09-17
b3ae32ab-9dc6-46f4-8a4e-f7b12f308f5d,92,236.8,2026-05-02
7a436fd6-da52-4118-b459-c14995230a4a,55,469.53,2025-11-16
86bbfa09-8e32-4800-a779-537843628208,23,242.7,2026-07-29
fde14516-2a2c-4222-868b-a1fe1cbe0f38,52,405.74,2026-06-06
3eee8ae5-be75-439d-a3a6-8adf919f3380,9,373.98,2026-08-10
5a2d4e28-1caf-4265-869e-ba207a0976f1,92,88.11,2025-10-30
a49dca0e-6d62-4c0c-b6aa-1f8a1b4b9417,57,413.98,2025-12-28
9e826d98-1e23-4d5c-a7d3-7e4afb36f76a,64,181.46,2026-02-05
1d6cc333-ab8c-4b79-adaa-06792aeec30e,51,240.91,2026-08-18
25ea684c-955d-41f2-9b81-e179615cb835,34,477.79,2025-10-09
010fb8af-0d37-4e45-b790-ddd97950a82d,33,245.93,2026-03-07
56670b6a-8e09-4284-8ac6-589c284db56e,50,439.37,2026-04-14
1c4330ba-89f3-4393-8c91-5cc6772858b6,72,37.26,2026-08-07
562cbe54-3664-4075-a983-10a615bb013f,77,81.4,2026-08-23
7cfd016c-2fa1-497b-8ed1-d19266a4f72e,48,178.97,2026-01-26
b3503232-1adc-4ef5-a738-387540f876f4,71,223.39,2025-11-24
4141c54e-cd9c-4439-b561-5e90dae9e930,42,385.03,2026-05-28
56a5fe73-32d2-48dd-982f-861af4e54bd5,5,406.46,2026-05-28
b080f286-2ce4-4bf6-a2f5-f8c94f84d780,69,87.03,2026-09-03
b5f73b66-9a35-4d1b-b48d-6059948a6d03,14,445.66,2025-11-12
22085a88-fb95-4659-996e-54737b39b2fa,16,218.83,2026-03-08
fda6da27-f9f2-41a0-8f82-9e785238da93,50,21.46,2025-11-01
15bc8b9c-51f7-46f1-9ee7-fec549d1f50c,76,498.12,2026-01-18
c9f19c5c-d3ee-4504-a4fc-44e2c2beeaf6,4,63.4,2025-12-09
e03e4434-51c4-4604-99b6-824b98ef714b,66,213.45,2026-04-24
7489d56e-a0b5-4775-b51f-856d67e5b9ba,43,371.66,2026-06-13
68c3eecb-7617-4679-9e98-eb587113cbdd,69,293.73,2025-11-07
6cf9dbc0-07f4-4581-8fb8-01d55c6679a1,15,278.6,2026-05-03
865941aa-1d43-4220-a54d-990da1d59668,46,395.14,2025-10-11
1ab190c2-f483-4238-bb32-1674a840e9c4,55,89.54,2026-03-26
fc35bcbe-3a9f-4e39-a961-e7d5d5789148,29,72.11,2026-04-25
825482df-1a3c-458a-b6d1-07167fc36400,29,403.36,2026-04-02
e6a8ef84-6c1f-417f-80fb-3152a8b915a6,59,59.31,2026-05-29
99143f94-1755-4e33-804f-8d419d0ca235,91,148.57,2026-02-10
b20f9039-59cd-4210-acb7-d47173ca2bce,60,432.5,2025-11-24
6ec53b8b-81e8-427a-a9d6-c35d7d6fc785,29,436.8,2026-08-15
a2a24c0c-a014-4750-934f-177e6e628efd,77,390.03,2026-02-03
34f117ab-ea7c-4928-b1a9-7633c2f2e505,28,321.16,2026-07-04
304f8cea-8bd3-44d6-9f0e-e393f97afa4d,63,169.93,2026-05-31
1eb2b888-7a31-4af0-a0e0-06237bffab7c,26,412.04,2025-12-20
e468621d-611f-4ae4-a028-1ba667b98153,85,260.55,2026-01-02
b2320f39-fbb1-42d2-ada2-8907a1393d74,30,294.38,2025-10-15
22b485be-c622-4ad0-8416-8e563c1dd297,99,167.24,2026-06-29
2952265f-63eb-4cd5-ba0f-f5a76ee0e798,30,152.13,2025-09-26
6033ea76-cd92-40f8-878d-36143f1ee0fc,25,310.78,2026-02-19
a512e31d-a47f-4bd3-be1d-d06a4e90cbf4,23,398.3,2025-12-14
133c26f3-cdf4-4305-81cd-b4432d273556,4,449.62,2025-12-29
efdbaa46-1889-4073-94e9-fba35ab5b364,4,490.12,2026-06-05
3315502f-bd6f-416f-9df0-9a797a0d0ed9,88,32.13,2026-04-14
5e982e85-962c-426b-9f68-4de8af10c30b,28,318.56,2025-10-23
41b0dc30-c1a6-425c-8d1e-ae04555d0ffd,26,278.7,2025-12-30
0a1780aa-ed9c-4d2d-bb22-1378471352b6,45,63.0,2025-11-30
6730d11d-ba47-4a36-aab6-6013a29143a4,37,488.12,2026-08-01
0ab80d33-3ae8-4a26-a029-044ccbdac387,36,338.86,2026-09-08
8a426738-dbc8-41f1-a8b4-9291b4f21f4e,77,278.12,2026-08-07
f7e8c1d4-7dec-49dc-93d2-c0d66a9921c2,100,361.97,2026-04-29
b905a072-cae6-415f-a084-8c3e97d67bed,32,395.37,2026-04-26
3d012066-9661-48ea-afef-9b9ad74f1acd,90,370.47,2026-08-25
90185426-4675-4e8c-b1df-2b07b6801684,52,322.61,2025-11-18
e2ca406c-0b6b-4540-9bd7-ccf53623cd37,52,311.97,2025-10-06
5ba6e50e-9960-406b-9f61-5ae0e9d6dc83,51,405.58,2026-04-05
cc4573cd-f0d9-4903-9a17-569e408c9238,65,53.58,2026-08-23
a0bf458b-bbe3-4726-82a6-ac80763d34db,60,101.24,2025-10-07
78eeab59-805a-4b64-afae-27780197f736,41,425.15,2026-08-01
6c5f606d-439c-49bb-b542-cb8fbed461f8,54,52.47,2026-08-06
00b035cc-a3a1-4022-968e-381cb8a509d6,89,482.15,2026-09-08
d1b5ef35-4f3a-40ae-9375-f8bf09668e42,6,107.76,2025-12-07
0ef4f53e-86a0-4343-bd3e-5391954f82a2,97,85.66,2026-08-27
38053750-d203-4d6b-906b-cad804b96424,11,348.77,2025-11-28
77bbc731-25b0-4e83-b6af-3ab0d7caaa78,81,268.28,2026-09-15
304ed37c-d649-42ad-931d-0ec1580637a0,77,219.86,2026-09-02
24884380-e475-458c-8128-31ac332230c7,46,476.51,2026-02-04
300cccef-ccb4-406d-b454-65e621723995,2,78.29,2026-06-24
075c8d23-9b7e-4b2f-b163-c036919d620b,13,106.12,2026-05-30
52150a1c-0c21-4ab7-bf47-0d294cbaa98c,87,32.83,2026-03-07
5e2f8035-7058-47bf-8c9b-cdba5b4cdb6d,36,204.89,2026-06-18
cda4f7c8-da07-4949-b01c-004c18e62009,43,276.4,2025-10-31
1ccc2ef5-108e-4e9d-9f03-75eb6ce0ae0a,27,267.91,2026-08-12
2232e72c-ac33-4110-b3ce-c8ce7b4709a7,16,118.54,2026-03-30
75130eff-62b0-4e57-932e-c5bad4eb0816,17,239.6,2025-12-05
85d2b407-7f98-4ab3-a159-0f9f97669501,42,467.25,2026-05-18
9650180a-ecd9-4b05-95e1-05f992643857,34,234.64,2026-02-12
3729a7db-cfdf-40f9-8ed3-c427e13f10fe,99,296.36,2026-09-06
98315b8f-1b86-40d3-a904-d5d1596334ab,40,143.08,2026-08-11
07f34339-435d-42f5-a5e8-4b45d6a24b0f,49,133.18,2025-10-25
17820dc2-1522-4dff-b4e9-ef8a4f5c364f,61,330.2,2026-01-17
f9ba6b0c-964b-4237-bf32-7ec25acfe19c,87,53.87,2025-11-09
7c8802db-9850-41ce-b7ca-7a88f8311bdf,27,113.51,2026-06-15
0a2ffb5d-d6ed-4429-b1f2-a357bda733c6,89,146.84,2026-01-10
0b5d5ca7-c3b6-4a5a-8331-21300adb2f47,86,191.15,2026-06-30
46501112-40b5-4f4a-851b-f14ea4380408,43,215.42,2025-12-04
684016fd-9638-4adb-9eab-9887241779ab,68,152.63,2026-08-24
ecd0b7c6-d891-4457-a067-7e720bf3f1f9,58,397.92,2026-09-19
39eaebde-20a7-416e-9a77-adde60fbec6a,88,227.17,2026-01-05
82e96f32-92cb-4247-b488-54b5972a1ba1,81,432.74,2026-01-19
a1609926-acce-4d23-8b63-aabd30bf39f2,11,156.12,2026-03-13
514b742c-8114-4e29-9732-31263b848c44,85,28.58,2026-04-17
54745c73-5073-4db9-98da-8946a7d37559,20,159.59,2025-11-09
7643fd80-9f1c-4dff-94dc-bbfa110d4452,51,248.15,2026-01-25
c3e1b3c3-1293-413a-9906-512d1c6fc675,42,113.33,2026-01-11
1b04b043-2914-4d69-b732-28ed2f1b60c5,73,262.23,2026-03-15
dec3d16d-7a1a-43bd-acc8-94a057015774,65,106.54,2026-01-26
86a1b479-5125-4054-b30b-3f64f7ee2e8d,77,283.94,2025-12-10
681678dc-b80e-47f6-b9aa-4326346d5f27,2,58.41,2026-06-07
a6d40f22-d03d-437b-9ed3-da9c7466db9d,54,13.49,2026-03-14
e56b5ab2-acca-4a08-a8ab-f4264b969901,91,126.04,2025-11-24
80dd8c9d-bf6e-4f8b-aae9-ebf826a54f5e,23,458.45,2026-08-13
67ebf3e1-9d8a-40ee-b263-1fc31429683c,57,285.15,2026-07-17
304fbc01-a24d-464b-8503-44f63118a401,75,131.79,2026-08-17
7db26d63-ff96-4a75-ac06-e660e0fa2025,33,169.37,2026-07-20
d0cb6b18-434a-437c-b970-e78c9c720310,90,55.25,2026-09-21
5c434454-4d00-4226-833b-73e85478ae23,4,67.96,2025-11-10
4edb7022-90e6-4fea-a8ea-323dea4f0daf,92,159.5,2025-11-23
b101ddce-ae08-4ea6-b225-8ebfb7fa0e3b,80,202.77,2026-03-20
d9f50d24-16d0-4027-ba13-741488a0269c,60,462.15,2025-09-30
551694d4-e7a4-42f8-ba25-bab5d0ec5a1c,64,491.2,2026-04-02
2aad134b-a69d-4eb9-919d-15a170cd6c3e,35,465.62,2026-04-20
231b4963-050c-490f-a5f5-4d77f667286d,15,493.16,2026-01-07
d68643fc-6bfe-4ed1-817a-f6123609cc09,47,422.63,2026-09-08
3d217d3c-fec0-4241-8918-c2b7561403ee,24,198.12,2026-05-24
3ebeda17-84a2-445b-a35f-5407d32a0bb2,13,304.2,2026-06-12
324b59a3-2733-42f2-9a32-d4d9e069dc8c,90,451.72,2025-10-11
6b1bf9d2-63fe-4535-8812-35ef533a8523,46,93.89,2026-01-18
c1de7841-af5c-439b-9a81-1aad866676cc,88,469.78,2025-12-03
cf830cc0-bd5b-4ac6-a0c6-3e9fe2ddcdcd,22,464.69,2026-09-06
2dd8899b-09ff-4444-ac02-c41cfd53a86a,63,91.67,2026-06-06
8a9f4d7e-3d3e-4c5d-b1df-1b31df6c4454,31,202.25,2026-01-29
e18459ba-f8f3-4a7d-9aa4-4eb59067fc2b,33,303.21,2026-08-06
d36ae353-7307-4f0b-b0f2-98811e531387,22,61.6,2026-05-30
ad392541-c7af-4fe1-a51d-46187b035729,39,205.51,2026-04-05
6e7760b7-6258-4237-bf17-f6ec5cefbcf2,34,164.67,2025-12-19
14c7954c-cb92-49e7-8eb3-e96df46e7980,97,109.66,2026-02-26
b084c62e-7244-47e9-9aa5-49148a45dc97,94,258.56,2026-05-26
242a5381-1925-43be-8ce0-e33e0ea39738,72,226.95,2026-01-04
d9232bdc-5dc7-4ea8-80b4-816b93796cd8,21,411.06,2026-02-12
b6aa2dd3-bffd-417c-9cb5-5e2a063d249c,65,354.06,2026-08-07
f3bfb4fa-37bd-420d-a033-c3277352eac7,7,174.33,2026-03-09
c62e827d-20d1-4231-9da3-c5126b4cc624,62,11.15,2026-07-19
90fb533f-0963-45c6-ae37-af6e091e9616,42,370.38,2025-11-22
a83a0025-eac6-4a2c-8b4a-134460b28f9b,43,310.98,2025-12-23
6734a878-d5c6-472d-9b15-bb37b07bfbdf,4,337.37,2026-05-20
82864709-4701-4b0c-ad5a-e9494bc38a79,4,411.52,2025-11-05
60ee420d-808b-4740-897f-9e5421fac88b,6,311.75,2026-01-12
c0abb4aa-919f-4eec-8b5c-43b3c1836f5f,5,236.43,2026-05-26
cd1d4dac-1794-4baf-9f69-e9d3778063cd,88,337.57,2025-09-24
b8b832e4-aee9-4de1-9688-1436f2e9e19e,17,176.51,2025-11-03
1f8267c7-fe26-4bed-abd7-100a42f3d8e1,44,436.95,2026-02-17
3009552d-1af7-4692-943b-067ce46831e6,92,326.46,2026-03-15
7f7dcbbc-078a-4e19-a9f5-e00d89430ba6,59,85.07,2025-11-03
6298a34a-49bb-431e-b4a7-d0ca64e194e3,10,369.49,2025-12-21
0ed4c9da-6d10-4c76-8eef-59f93c791ecd,69,63.31,2026-08-18
f1a189b3-0adb-40a9-ab63-0003831ba7a6,15,385.36,2026-03-21
86aaf1b0-96de-4608-973e-4db8e372449f,89,267.88,2025-12-02
4934e0e0-bfcd-46a0-a157-fe0381488e30,21,488.09,2026-09-21
8d52ba03-9074-4dc1-a164-dc7ae976010a,76,122.02,2025-09-28
3359b912-1c37-47c2-94e9-5224f1b1f55e,43,466.83,2026-06-27
901af91b-af05-4d79-9c75-cf3425d2345c,73,46.11,2026-09-10
f4b0b2d7-cf82-4976-a904-d47ad2b060be,33,122.08,2026-01-11
df094d7c-ea0b-4f12-8d4b-d3986991127a,36,335.74,2026-06-10
66480514-6844-4d9e-ae94-5ac030104411,33,384.1,2026-02-21
add47622-2b60-4a53-8f65-c482e76d63ac,40,262.07,2026-02-05
474cfe83-920d-4138-a6da-7e01c8747c79,23,154.99,2025-10-15
62daaaec-8e09-4f57-9491-74b922ba1958,65,76.56,2026-07-01
95c8c5d4-3e1e-4676-a2b3-243f55f60296,50,247.6,2025-11-05
86cabe5f-2a3c-4f20-b8d9-532e623b77b5,66,125.79,2026-07-30
b2d58b57-4ab4-4a47-9946-564145aa5ca7,8,87.96,2026-02-23
671cc20c-d179-4ac8-a76c-f048515c837f,24,488.45,2025-10-15
8a8f0b4b-a687-4d50-a774-198c8b247835,5,289.2,2026-04-04
20a23452-d420-4fa8-b492-0a49a63b8860,8,128.98,2025-11-23
bc393028-51cb-4433-83a4-dfd0e609ba54,39,52.42,2026-09-09
2ee57169-ba93-4360-83fe-72a0b97b9897,56,260.69,2026-08-01
3e04b131-949c-48dc-a761-3db836f1d1fc,93,255.16,2026-09-08
4cf73213-d0a4-4788-bcc4-13cce88ea74e,16,227.79,2025-11-21
be0f81b3-7b69-41fe-9dd8-31263cf2ecf5,43,314.55,2026-08-28
1cc7976f-7123-4c1c-9265-ba79f80c8b29,98,92.77,2026-04-26
b7eee153-b2bd-4842-bca3-60882a576656,76,274.91,2026-06-11
2f5eb90c-6e25-4bab-a5ba-27aba7fc8fb2,85,359.85,2026-06-12
dbbb4f08-9ee6-4558-9997-b1485dd86069,34,409.7,2026-07-07
f7dd8c0a-acc6-4cf6-b1d5-850fbcc074d5,49,157.26,2026-01-16
8e0a7c7c-55fa-4b92-b941-fdaf8aec7256,3,258.98,2026-04-15
f20694c4-949f-44f9-91b3-5b052c85ccb7,39,479.8,2025-11-23
cf2617d2-2782-45cd-bdee-361ea0a1db45,85,333.32,2026-07-02
909a9ca0-20fd-4f4a-98dd-39f71f5336f7,14,228.0,2025-11-26
c319efbf-f082-4e6d-b24b-b823463eaee3,82,192.66,2026-08-29
383ea646-1d56-4e3c-b5ed-204ae5fa7e90,58,343.03,2026-03-14
44c01109-5ebe-417b-8fcb-0a7578938a53,42,54.64,2025-11-07
4a8d6f9f-1963-4ee1-bc58-5dd2b645b950,21,96.99,2026-06-20
59a3ec2f-4009-41e5-8ff8-a81f7cd60a1c,99,451.94,2026-03-29
1664c1bd-b432-4ed0-946d-5d1b567d22a3,66,301.08,2025-11-12
18993aec-4ed4-484b-9f73-dd8135a20766,24,235.41,2025-11-15
62a9f40a-754d-4941-a645-e930372887fe,85,447.14,2025-12-29
566cf484-e3cc-4320-83a4-a12887b18d0b,22,490.95,2026-08-29
adeaa932-6278-4a02-9909-30158176f407,1,42.89,2026-09-09
72fe20b4-e834-495b-8de9-5f85186abb51,9,73.66,2026-02-06
6e12222c-4f70-4c26-8125-0d89b9b09252,29,325.56,2026-07-06
12113d4c-29d6-430b-b779-b7d164154f5b,81,115.23,2026-03-11
48db3e72-d75f-49f1-9442-556a664f3d2c,97,211.57,2026-03-08
c583aaf4-10bd-4742-89d3-bb5c3d865d7b,22,355.91,2025-12-01
6b0321d3-8b33-4653-8005-c491d24b65d0,1,103.55,2026-03-16
17ed661d-9c62-4f1f-aae3-01a2ee8b7def,4,38.27,2026-05-06
5bf59b7c-dc70-47f3-a8b7-b46ba0991965,49,271.87,2026-02-13
c797927a-fecb-419a-a802-1f9879572e2c,71,388.09,2026-01-27
4b76f24d-f86c-4c1b-b36e-5c879bdcb16d,96,482.77,2026-05-13
37c7723c-b1e0-4ef5-af39-4d3cc7fe67b8,17,456.77,2025-12-01
2aab9468-e2a0-447b-be15-42ab2fd5c046,1,38.97,2025-12-27
8011a170-92c7-4380-bb89-23dae3e6aaeb,44,101.48,2026-06-11
828f1884-9958-4448-a37d-b325c95ff2af,51,28.1,2026-08-27
ed258815-d406-4f53-b695-7055ae58a5a1,55,300.95,2026-01-16
ef68f1bc-3630-406c-b89b-2fb3e1d89631,60,229.32,2026-05-07
ed092f2a-899c-43c6-9548-934dc79208ef,64,90.5,2026-06-06
c9a7a258-92fd-4d52-853a-715bbddeec68,95,186.16,2025-09-30
b4eb83b7-a9d0-4ae7-b48b-dbe19a106d75,93,493.4,2026-04-12
f1df3bb1-f589-475b-81a1-b1f8f78dec55,92,70.47,2025-12-16
ee863c4c-a0a0-4f0a-ab78-bb6c140d534d,94,275.62,2026-06-23
373c81e3-982c-4c2a-80bf-9c46a6fe9a22,37,84.14,2026-04-09
e86e946f-c326-498b-9644-8b05672f395b,67,349.34,2026-02-15
1015f6e5-191b-4dde-8494-78e1837a9423,40,449.58,2026-02-13
df1163b0-ec28-4b97-a276-362e3ca485b4,54,79.87,2025-10-21
6ea85b6d-38a3-48f7-8df7-c9a0281ce938,57,56.43,2025-11-04
c60e3714-9ccf-448c-9dd6-6540ebbd294a,35,274.82,2025-12-16
6e181e7e-9ae9-4cb0-8427-8ab52185d69f,21,92.04,2026-03-04
1a80dc45-3f66-42bd-b283-7188d31cb253,77,248.75,2026-01-12
8fe88433-3f9d-43b2-865d-a85862a9a500,51,371.55,2026-03-13
0b56917a-ddbb-41e8-a593-aa2d61970875,92,392.46,2026-02-12
415ffd66-02d7-436d-a682-18edb134baee,49,98.02,2025-10-15
5b8c774d-ad01-420b-9c2a-2e4c64aaf887,89,211.43,2026-01-01
7748b189-81d4-4fab-ae44-3951681c94cb,37,377.4,2026-01-23
e0a2bb59-f21f-4154-afc4-ba185f3e3f9b,83,442.87,2025-11-22
70ad2e7b-7de1-4305-acef-297e69e53302,36,190.52,2025-10-12
68b29288-1eb4-40f4-8261-525899e7db97,6,121.41,2026-09-13
58165cfa-a724-4621-9160-9349556278dd,6,309.91,2025-09-25
3d083fd2-e8e9-4407-9e56-dcb5abc95d08,23,283.02,2025-10-27
e4e5e8be-bab0-4459-81f9-3b1522842531,47,485.58,2026-02-07
4ad8fc4e-e70d-41b9-90ce-f1ff1eb40452,91,93.75,2026-07-03
8a4a051d-8adb-403f-93a9-d01b4328ce67,71,469.23,2026-09-06
bea732d1-540e-4347-85f5-4123488f0589,71,361.46,2025-09-22
eb5f9fe1-53b4-4058-8b03-80375380ded1,85,366.07,2026-02-23
12168d7d-8c4b-40c8-aa05-c943ac7e9213,36,409.91,2025-10-07
3ce52854-0877-4dfb-a219-ee79eafcf364,32,410.98,2026-07-23
8528e168-a044-4990-9e29-f5cfb9d53d02,21,464.19,2025-11-19
2046db1a-4983-4112-a461-4315488c2a27,70,74.2,2026-09-11
62914504-7337-4a17-b16a-8e7a19e3a2f1,25,463.8,2026-01-19
631fefdc-3d24-4525-b174-d39468d6c54e,93,118.72,2026-01-02
509ca2b4-59d6-4d25-9feb-98c6fc0bf978,14,78.94,2026-09-18
859432cc-b197-4ca9-8014-daa76f040a56,48,394.64,2026-03-12
624c2031-acc1-463b-8c48-a3f33e5f59b7,21,192.83,2026-04-28
f87b25a8-8813-4197-8023-73f293a299c1,39,337.94,2026-05-01
68471415-62d1-4254-a08e-87bba1430e60,64,470.67,2026-08-17
558e36eb-7f09-476e-9d32-bc074e378db7,23,348.44,2025-10-09
630282b1-c15f-4a20-beed-e5d7eb09a117,86,222.47,2026-08-31
3a3bdbd8-0454-4c76-b0d1-c64a8e5fe349,100,102.0,2026-07-04
904d4752-f7e3-49f9-aba5-f0cbdc26e65d,93,373.86,2026-04-17
23a5452c-8421-4104-873a-1c06aeb94db2,26,460.77,2026-05-26
c3a1d749-fd62-4f33-9cdd-cbdccb206b20,95,412.25,2026-04-02
b3db8fd0-41c5-4940-bb35-2c94a7d6fdf3,47,149.34,2025-12-15
c372f92c-aebc-4644-8514-4a45e4c4da57,1,176.38,2026-06-27
72c6a2e5-fdfb-4f6d-9456-bdd7e08db29c,44,419.77,2026-08-26
e34e8e86-d76d-4b66-9526-f7e21785ab19,58,457.1,2025-10-30
5f50a364-b1d7-4081-91be-d3e13afc3dd1,78,197.57,2026-02-12
6d601f57-1683-4b44-9037-d395b9adda08,3,394.4,2026-04-30
54b01e31-c373-4a77-a0d7-ff44288e5c35,90,353.06,2026-05-27
08c36283-49b4-4920-bc4a-aad8811cc303,43,379.43,2026-08-21
fc63631a-13ff-40b0-a044-cc579cacab4b,43,458.04,2026-08-27
08a4e2c4-5c05-4dbf-8e1b-81e60ba1ddd0,79,171.91,2026-07-31
0339b7e3-1b1f-4ba2-b0d6-1f38bd8b0495,77,461.48,2025-10-04
9c24307f-5136-4a52-97d0-789408694319,27,42.19,2025-12-20
7d162d6b-9226-4808-829e-40e869e52a4c,42,353.79,2026-09-21
af525f22-e43e-4fab-827f-63f977f05e18,94,29.04,2026-01-06
b9f9a796-162d-44a7-8d4b-d340bf38a03a,64,191.01,2026-04-10
f0233cb9-51ad-4698-b18a-46f7e49659dd,19,139.79,2026-07-18
71539923-3c90-4473-bbfd-6a39c472b922,59,205.42,2026-01-11
e886638c-088f-41e3-939f-1ce4da97a5ae,90,478.16,2026-05-14
c8ded8e6-7774-4839-a4f3-ce157c94e3a5,50,397.46,2025-12-22
8bbc4745-26e6-4f0d-8e8f-fd67ea97a1e7,65,391.03,2026-09-14
85381c71-83a8-4156-821a-e55b43b37344,95,441.28,2026-05-24
381247c4-a552-41c8-8039-3b7e656e09ce,51,31.4,2026-08-21
346a8d75-bec0-40e2-81e5-504b25639b93,79,255.38,2026-04-23
90034e12-213c-46d0-8516-bcf798649250,59,58.59,2026-04-01
62252172-8fed-4f74-a90c-ee1d91a399ce,24,320.94,2026-09-11
50a00668-ff78-4ae5-a3c2-5145ed1af25a,54,322.09,2025-12-22
2d9f3fb1-96da-4d35-b54c-eb710ecb12b3,93,393.94,2026-03-16
d0064c3e-916d-4b94-bc91-02a6d1575b95,70,405.48,2025-11-01
bfebcdde-f27e-450c-86dc-5eaea81ecb9e,67,87.19,2026-09-13
1d7cbdf6-e6ef-48db-a96d-7ab361295dae,44,387.34,2026-02-23
c425c96f-e382-4306-a0e4-74e5dc406a3f,74,434.42,2026-07-06
91d7bd21-16de-4fe4-ac07-b7cc73a06333,10,261.76,2026-08-31
b55bb224-0983-4bec-bb40-9299025ad974,93,140.16,2026-09-01
ef382f97-65a4-4ce7-b689-196563d1f16d,57,210.07,2025-12-04
b0f15675-e5f0-4538-ae51-f5492301c696,32,266.94,2025-12-12
e7323fa2-a28c-4bba-bb23-47ce5a3bb6ac,83,131.95,2026-01-07
c1f1082a-b46b-4136-9996-1707500854ac,11,432.8,2026-05-18
960bdc86-1282-4e54-8305-9cb218bcb4c3,72,139.67,2026-05-31
3bdb6124-037b-4d19-bcd0-9d14bd5ecd50,86,29.0,2026-06-03
34bd3b1b-9e65-4f06-ba3d-00b744cf6b64,93,251.52,2026-04-16
0c8f7811-485b-409f-a4b2-8f964fa8db04,57,402.69,2026-07-16
e5172dc3-6515-4757-b61b-48c388334d74,11,494.64,2025-10-04
01229ea9-85a5-473f-98f5-5d491ee34638,11,350.02,2026-06-22
acfbf1cc-2775-46e6-9f87-dc03bacf69b2,14,443.05,2026-06-12
dde1927a-e49e-4cb2-be71-825caca4b9a5,44,445.75,2026-02-14
66ba0658-48c4-418a-90e7-73ff569007a7,20,359.17,2025-11-22
43384f5f-0c2d-4c7b-8b1f-18d6eef98e5f,84,325.84,2026-06-04
d38fa5a6-2cc8-4031-b0aa-0debf58c82f5,14,284.52,2026-01-21
607034bc-5e03-42ef-ac34-30114b8e3af4,2,370.49,2026-03-29
1c0e70c2-d7d7-4b2d-aa5a-0e4b66acd16f,12,155.39,2026-04-10
35519186-2acc-49ae-828e-044de5b09223,91,72.85,2026-04-14
9d85abca-916b-44ea-9646-c54a26de1744,80,187.07,2025-09-28
45ca94a3-6a9e-477b-b261-a02ff4c2faa6,4,415.55,2026-03-29
030078a9-e47a-4844-b4c8-eb4106c623f2,89,100.96,2026-09-02
4f20b94c-711a-45d5-a2cf-e912cdf0bdc0,93,231.06,2026-05-12
b4e85f91-cf13-45dc-bd17-01e02efef955,54,122.81,2026-06-04
4e003e02-5376-41e7-a1f1-8bfea257d04c,28,365.34,2026-03-28
8588f0af-5c5f-457b-b480-46c75f371f68,30,154.88,2026-09-16
ccef17ae-4d4b-4d69-b4f5-e1a50cd2783a,54,68.69,2026-01-08
93c2f431-faf7-4aaf-94d4-59f660274deb,97,416.9,2026-06-29
bc5beb81-d7e4-41f0-bbc9-3f363d37631a,5,319.64,2026-04-18
5db88a3f-e86f-4966-a8bd-7810b8101b33,71,245.51,2026-04-06
a6ea22d3-ad64-4a6b-b27f-9a3ad145dd63,60,222.1,2026-08-09
69208c10-5fe5-4ca8-bb38-463074d76778,22,322.64,2026-07-11
3394e590-cf33-461f-bb10-46b48e5094e5,94,449.66,2025-11-01
c76a0643-e882-41e9-b440-810f83a0a813,30,32.73,2026-08-29
69f84bf1-c17f-4f40-9c00-94da9e6907c1,65,215.24,2026-01-17
a470f73d-75de-4239-ba3a-f0c37c7127ea,39,467.27,2026-01-19
80f3460e-efba-4162-9bc3-9aa0b9203540,3,164.85,2026-02-13
eeb2ddfd-4bf1-4472-8646-c07be68cc437,97,132.58,2026-04-09
d6f4f41e-91c5-4187-900c-262f82ce193f,70,416.42,2026-01-11
834f1fa6-0175-4aa8-af5d-ca457c8547dc,24,478.9,2026-01-07
92b57894-b26d-4e36-ab35-f2b44405a87a,12,208.96,2026-03-28
cdd0017c-e877-4089-84c2-523ebfce9027,75,31.98,2026-05-11
9c759867-c259-4da3-a68e-de57424136f6,37,418.74,2025-11-17
7f959981-cbaf-4ee7-962a-5d2bb5401965,80,34.47,2026-08-17
2b1e88e4-5ac1-4214-bef2-af27386f98b3,78,234.48,2026-05-30
72df0f92-8f28-48bb-8acb-807422a4497d,58,305.4,2026-05-19
c0dd1d0a-ada3-4c90-bfb6-1a1be7d3d227,10,204.8,2026-09-16
37d4269b-51c1-459e-9027-46beedef66f1,7,427.78,2026-08-22
0229299e-1653-4fa4-85fd-24b93a30a3fe,48,29.1,2026-01-23
2638fe8b-c7f6-41ad-b22b-e13ed18a3dce,93,26.04,2025-10-22
e2fe1fc8-9896-4558-a9fb-170a4b6c105a,68,12.85,2025-12-13
5549bc7e-bbf1-4104-b8a9-57597a30276a,5,143.19,2026-01-26
e8f59371-1165-4ff7-8fad-bac6a19911f7,93,496.0,2025-12-21
80658565-f364-488b-8fbe-7616ee9c392e,1,307.39,2026-01-17
38eb332f-15a4-43d7-83d0-9c214db2833f,41,48.65,2026-09-18
2ea17bce-213b-4328-a66b-b922dabad90c,39,354.98,2025-09-24
8bffeadd-290e-4987-8b5b-1d04da0f4193,56,385.88,2026-06-08
dcee86d7-489b-4ac5-bdeb-e795927f9082,24,485.69,2025-10-11
412fb2a5-8632-4f32-bca1-f28d9d66fc9e,55,487.87,2025-09-23
7723907c-8b1a-4776-ab77-90ad3b282811,80,425.97,2026-03-20
e7e7f3cd-7006-44be-9e2a-2f1b1b9e6dbe,34,412.47,2026-06-13
3084909e-ec5b-4f2f-a25c-e0a0a4b1e43e,56,288.9,2026-03-11
81948dc8-8689-4b6b-8656-2f6cfe636f83,66,217.49,2026-01-17
ff2de09a-4edc-48cf-b660-0e9b90e027e2,77,168.33,2026-05-19
3a5f8a2b-2298-4e04-b57e-ec5f881a6e67,55,300.91,2025-11-07
3ae43684-41ef-4685-af5f-0a25e57245fc,2,19.39,2025-12-04
2c02dff1-49f4-43a1-9b20-936373b2586b,57,70.93,2025-12-18
7d1443ad-6958-479e-a325-fef68351efca,14,448.69,2026-08-21
6535d85e-96f8-4481-9545-9c08cde5d7a7,19,322.35,2025-11-17
35f75a79-eb56-4844-a8d7-baf4c522882a,1,380.24,2026-06-24
7e5e7027-ade0-4f12-ab66-5550fd26fbbd,90,475.19,2026-05-13
838ae220-b78e-4b21-9bda-0f90ae45f15b,44,400.77,2025-11-08
8c98e55a-324e-493b-a8a3-5964edd84bec,68,18.56,2025-09-28
017d46d2-b5a4-4e06-b028-25f594ac3e0d,98,397.63,2026-09-03
94d9d868-fb2f-4702-909e-4776a0731191,85,339.19,2026-03-18
0686de93-6b0d-4125-9549-7929cd0cb7c7,58,169.1,2026-02-15
68fe3113-533c-41d7-80a8-2e2921e5b6b0,12,20.28,2026-08-23
92921211-9926-46ab-9779-f5e0dd956f2f,25,391.16,2026-07-07
91b7b142-f629-428d-8748-f29d1538914b,60,340.97,2025-10-21
12c244f0-4c27-4da2-95c2-074622fe44a9,3,47.17,2026-05-13
69f0e54b-b671-4400-bcfb-14a19de23baa,48,424.16,2025-12-15
b8d50fca-a51a-4b8b-93b6-cc31c5423a18,32,143.77,2026-05-01
12c2c61d-7bd6-4121-aecb-e92ee81b81a9,59,421.83,2025-11-13
260c338f-5702-401f-ba95-5bbb9267e52c,16,13.31,2026-08-06
dc3289b4-23a9-42f8-8913-0c28f14e1571,97,294.62,2025-11-16
95a59e00-673d-47aa-bf80-8e1155681568,92,266.23,2026-06-20
6a23bb72-2f63-4662-b475-8fa30b3b9abd,36,133.41,2025-10-30
3f7e33d3-5f1e-4121-a2b6-ae6197b82268,45,307.41,2025-11-10
24d134bc-d8ed-475f-988a-4130660b54de,62,280.64,2026-03-09
ddf335e5-e8dc-4589-8843-17c2a7263cc0,86,449.33,2026-05-15
617b6a30-ddfa-44d2-a088-6e17306332f3,31,259.36,2026-02-11
6722821d-34ba-415b-968d-bde36e05f8ac,45,59.32,2025-11-23
dee22825-140c-4bd0-a48a-f547770af1db,79,355.44,2026-04-01
a3b5b079-c524-4402-8e2e-0be20acb2124,23,232.64,2026-02-04
a4290714-4d5d-44b3-bee7-9b506f0fe3c7,21,411.0,2025-11-10
e53849c0-ffb7-4de7-a576-928ee93fe902,78,260.65,2025-12-07
3f7fcbb9-070e-4498-a7bf-6305ba5af4ee,16,469.37,2025-09-24
6508dd7e-9fb0-4961-8283-d034d76bbc35,91,206.8,2026-06-10
e83abaa9-62aa-498d-803c-29f262ead2a5,21,167.06,2026-01-15
fe90b112-1b67-45b5-b991-7613608936eb,56,326.32,2026-02-22
a7a890da-ec47-4125-94cd-1715cd863341,78,239.59,2026-06-26
85fba9b8-daa7-4f51-9af6-2db1b16a67a5,17,474.54,2026-03-25
428410bd-ac53-4580-80c4-ef841b97d852,2,203.45,2025-10-27
a2e30281-72da-4ecf-908f-c6d0ea3c3d5a,93,320.63,2025-10-29
3028a881-4d10-4609-8cf3-fc350dafce08,80,146.2,2025-12-05
1473cfeb-e191-4497-9864-6c10dbbb72b5,85,237.52,2026-02-14
a7fc4da8-31d4-4441-9793-cdc2ec033e7d,7,294.74,2026-03-18
b3a2dc6a-21f7-4f7a-884f-1ea4a76f5ba6,8,366.75,2026-08-31
57ed8f44-13d2-4a4a-8441-b0c4b9674d25,99,102.72,2025-12-06
f93a4281-5a89-40ad-be40-d3b8046bec16,48,149.49,2026-08-09
40114c56-2a9c-40c8-b752-c762e9fa090f,55,397.86,2026-06-09
d4403840-32b9-49c1-aaab-f68a7ef2ca72,38,389.17,2025-11-16
9f69e8e3-05a8-475d-8bb9-e9386aa991eb,34,44.83,2026-09-02
1555e9f6-0dee-415b-8094-5b22a35b4b4d,3,212.22,2026-03-09
e92e067b-4a87-4b7b-ad10-f450df6bf28f,88,259.85,2025-12-02
80767e32-77f8-4a31-8b4c-ff4f6afdc58d,32,108.03,2025-12-20
f8a92983-e93e-4fc8-8683-30d004726a29,24,168.1,2026-02-08
074cd185-168f-4d6a-8bd3-207e2114b83b,22,51.93,2026-07-30
fa212b00-4309-400b-a17f-fc5df541f069,64,260.87,2026-01-15
14521dc2-be78-469b-8b1a-fce2aafcff3b,29,486.27,2026-06-02
094a1d22-6a8e-4991-b0ba-b7c2af785798,48,447.61,2026-08-07
2a6f236c-3f0e-490b-a2f1-d7762450d84c,52,264.8,2026-08-10
2fa851a9-8db9-4395-88d6-5bb4be82639d,20,360.93,2026-03-05
a0cec51a-f2db-4979-8772-0e63c1a780dc,67,492.79,2026-01-12
5d1f25d9-2766-44bb-86d7-7d396e17f397,34,292.76,2026-01-18
07984eff-f036-48c7-95a9-d4b265053bd1,11,357.81,2026-04-15
28501803-7b8c-442d-888d-91f1c4483983,49,327.07,2026-07-24
9845f1fd-17da-4f45-abec-ae3e334c50f5,15,89.39,2026-03-21
c9fc3058-dc4c-464a-bd24-46a078c7121f,61,202.97,2026-02-18
f54a8d38-45fc-4425-8b0b-f48bf4e60b74,4,379.89,2026-06-12
762e6c7e-2e74-40ef-839f-688dec897c8e,65,327.32,2026-08-25
7204ef1a-a07c-4171-943d-9a10c2fad866,25,85.1,2026-04-17
4e93af5a-b5c9-4c37-aa61-c14f21767296,100,330.91,2026-01-15
bed8cbd3-bd0b-40fc-afc0-1739ddfca262,81,419.8,2026-03-21
34023e82-eb17-4317-9c92-2b1d6c7cd9cb,77,433.29,2025-11-22
a57a4f9e-f998-4dfe-83e2-6e6fcfbe993d,17,323.95,2026-08-25
f36ae47a-d465-4012-a6e6-54c2d5b20896,77,446.54,2026-04-28
de3dabce-0be9-4e61-9ed6-f2ee5c52b882,37,26.8,2026-05-09
0a9d8798-6803-46c5-a8e9-02a56cbbfba1,63,296.1,2025-11-15
2502288a-0fbf-4a7d-b0c2-fa81e7ffc70e,7,485.88,2025-12-23
44933c98-38e9-41f1-be8b-9dc08cb3c8cc,49,125.19,2026-03-06
f2f6ff65-1ac8-4f6b-9c29-ddb7f843431a,94,55.11,2026-06-11
a5516ccf-61f4-4051-b8e4-a22d07d2b5e2,79,397.98,2026-02-20
ac91abaa-1456-4d32-9e71-3c39b818e9c1,10,208.05,2025-10-20
d227df34-6a50-48d6-9b68-d38125376dfd,97,456.02,2026-05-05
f0a30f10-8f13-4393-a01a-1c41dcb402a2,31,129.61,2025-09-22
2454c69e-3c78-45f6-9e54-88263bcc086d,72,95.11,2025-11-12
5c5516f8-54cc-4c3a-bdc8-2a0c71ad440e,29,68.68,2026-01-07
c083028c-a494-4462-bc66-f6bc6b060d9c,36,58.18,2026-04-27
75850acb-97ff-4640-8b49-eda81c10f6ca,59,350.15,2026-08-28
e62c1556-2c06-458d-889e-b9498b81ad4e,93,352.27,2026-07-11
f7f9b1a9-8c12-4de0-ac2d-d84cfa60e1bf,64,241.44,2025-11-29
51d0a584-d769-41df-a8c7-dcfac52203ff,44,342.82,2026-07-23
90a9d1bf-6817-4906-8a2b-052ee38863f4,4,40.37,2026-06-14
0e326e95-cc9c-4109-ab28-a6d22cdf1d88,15,206.7,2026-04-04
30cb910a-aa6c-4185-87b4-94f7ba773918,66,355.08,2026-09-11
1bb51c9e-2a82-4006-8183-47c8f8531a94,27,309.94,2026-03-09
837e996a-32fe-424c-8e07-3e50bd6c3772,71,240.59,2025-11-03
a1c1bc55-e685-4da2-9539-30dbe11bf9cc,15,122.16,2026-09-06
641fd3cc-7c78-4c10-b130-b93bc4bd91ba,34,163.32,2026-07-01
e93a7031-7bbd-451c-b760-dbc8f89c62fe,58,144.96,2026-06-05
7b13d4bc-1302-4029-8872-a7f2d913db57,58,442.28,2026-09-11
aa841249-37de-4071-b602-1ce443748d6e,89,85.06,2025-10-07
0cc7a767-45a0-4b2a-be01-92713035f6d9,80,97.3,2026-02-03
d96edf81-3a8f-4678-a457-0784e25e3aae,69,125.38,2026-03-06
9b0dc230-e6ef-4ffa-b3bf-826fbf1d7b17,56,170.39,2026-07-21
28743b9e-46b5-4085-986b-bfd82d93ea7a,81,377.21,2026-06-06
f82a8a1d-b7aa-4522-9a02-d337b91ff406,6,103.9,2026-01-01
49105cf4-338c-4cdb-8db5-c991cb72926c,99,437.49,2026-07-17
9eaf2d56-c936-43f9-a852-260f517272d8,6,499.95,2025-10-08
bd460480-2d3e-4372-bbba-8e47e5614a34,96,214.14,2026-07-17
479e048c-cacd-41cb-8bc5-aa576c6d2bc5,23,127.7,2026-08-18
61933f95-eaa8-4be2-b5d4-5c3c5ee8694f,92,405.39,2026-03-13
411ec929-e5b2-4149-8cdd-6621f2cb481c,45,420.58,2025-10-31
7d3ab438-4dc9-4739-b7e2-40caa691b165,60,450.4,2025-10-26
41609e9b-3c6c-4791-bd9a-683c2789a0c8,38,23.31,2026-06-29
0f118243-24e6-45a8-bd0d-62cb252ce70c,64,432.2,2026-06-25
70f2e444-93fc-4080-a97c-5e74ac0ed8b7,97,219.48,2026-08-21
aa810190-c865-42a0-832a-a5c49a07be2d,25,189.93,2025-11-16
30f0da67-1e83-4bc9-8a31-8a140aea4eb3,69,162.21,2025-11-24
687001d7-963e-4c21-8129-31d5edfa4a0d,57,159.03,2026-03-16
923125bd-6d41-4fe8-9b2f-1329e7758e99,82,328.56,2026-03-15
3577a475-7a47-41cd-b9a1-7114df122d93,84,438.07,2026-07-07
6ff5fbcc-2c9c-4d77-b4bb-28649b6c968d,50,27.78,2026-03-16
62147f78-2941-40be-a591-0e5903d86925,35,159.76,2026-04-17
1a123790-127a-4c99-865d-360e0ed82433,27,71.77,2026-01-15
e10a60be-8aad-46d3-831c-2867356fdeb8,23,247.18,2025-11-30
a260cada-c771-4b27-a5ce-b99124532da1,63,108.6,2026-01-20
d495ec4b-b032-4c91-8fee-5ab6db66f507,98,143.95,2025-12-27
5471b01d-3aaa-4646-be8c-6abe05736b00,12,278.36,2026-07-27
1a2ddca9-c26f-4bd5-b778-ce61e2de926a,53,478.17,2025-12-25
c1855fbb-ff15-44d0-99ab-75bb54c816bc,53,346.68,2025-11-18
0d5a5ef9-9a3a-434a-b62e-fd1ac2725912,76,188.58,2026-04-05
211101b9-7aa8-42f4-9ed1-9003162b0862,100,335.19,2026-08-05
3464ca00-1779-4cb6-9519-df5e2de074da,12,381.1,2026-04-18
ef62f820-53c6-43a9-946e-d81fcb13e03a,73,129.31,2025-12-12
5fbf6407-fe70-4ca9-9871-9a43141d3cb0,12,174.91,2026-08-07
cf2ad1df-8eb6-4d4a-83dc-386ccf6ad841,16,285.55,2025-12-04
90972427-09d7-4ef3-b35f-ad76fa3a2d31,37,38.85,2026-03-03
